chr,pos_in_hg38,ref_allele,var_allele,optional_id
chr20,50892557,G,A,ADNP_Y719Y
chr20,32434494,C,A,ASXL1_C594*
chr20,32433735,G,T,ASXL1_E513*
chr20,32433750,G,T,ASXL1_E518*
chr20,32435551,G,T,ASXL1_E947*
chr20,32435180,T,G,ASXL1_L823*
chr20,32435899,C,T,ASXL1_Q1063*
chr20,32433480,C,T,ASXL1_Q428*
chr20,32433492,C,T,ASXL1_Q432*
chr20,32433732,C,T,ASXL1_Q512*
chr20,32433747,C,T,ASXL1_Q517*
chr20,32433783,C,T,ASXL1_Q529*
chr20,32433834,C,T,ASXL1_Q546*
chr20,32434435,C,T,ASXL1_Q575*
chr20,32434474,C,T,ASXL1_Q588*
chr20,32434786,C,T,ASXL1_Q692*
chr20,32434954,C,T,ASXL1_Q748*
chr20,32434981,C,T,ASXL1_Q757*
chr20,32434990,C,T,ASXL1_Q760*
chr20,32435014,C,T,ASXL1_Q768*
chr20,32435050,C,T,ASXL1_Q780*
chr20,32435119,C,T,ASXL1_Q803*
chr20,32433408,C,T,ASXL1_R404*
chr20,32433447,C,T,ASXL1_R417*
chr20,32434789,C,T,ASXL1_R693*
chr20,32433529,C,G,ASXL1_S444*
chr20,32435822,G,A,ASXL1_W1037*
chr20,32434460,G,A,ASXL1_W583*
chr20,32434485,C,A,ASXL1_Y591*
chr14,99175050,C,T,BCL11B_G596S
chrX,130025295,C,T,BCORL1_R1332*
chrX,130013647,C,G,BCORL1_S292*
chr7,140753350,A,C,BRAF_F595L
chr7,140781602,C,T,BRAF_G469E
chr7,140753332,T,A,BRAF_K601N
chr7,140753336,A,T,BRAF_V600E
chrX,155078703,G,T,BRCC3_c.e5+1
chrX,155077237,A,G,BRCC3_D88G
chrX,155077215,C,T,BRCC3_R81*
chrX,155077239,C,T,BRCC3_R89*
chrX,155078660,G,A,BRCC3_W120*
chr7,2937111,G,A,CARD11_R423W
chr2,201285178,C,T,CASP8_Q389*
chr11,119278211,T,C,CBL_C381R
chr11,119278212,G,C,CBL_C381S
chr11,119278212,G,A,CBL_C381Y
chr11,119278221,G,A,CBL_C384Y
chr11,119278257,G,A,CBL_C396Y
chr11,119278281,G,A,CBL_C404Y
chr11,119278538,G,C,CBL_C419S
chr11,119278534,T,A,CBL_F418I
chr11,119278536,C,G,CBL_F418L
chr11,119278525,G,A,CBL_G415S
chr11,119278526,G,T,CBL_G415V
chr11,119278264,C,A,CBL_H398Q
chr11,119278219,A,G,CBL_I383M
chr11,119278214,A,G,CBL_K382E
chr11,119278254,C,A,CBL_P395H
chr11,119278541,G,A,CBL_R420Q
chr11,119278196,T,C,CBL_S376P
chr11,119278200,C,T,CBL_T377I
chr1,116535965,C,T,CD58_G210S
chr17,63929438,T,G,CD79B_Y196S
chr19,54143151,G,A,CNOT3_E20K
chr5,75426432,G,T,COL4A3BP_S260*
chr16,3793446,G,A,CREBBP_R386*
chr7,102193841,G,A,CUX1_c.e13G1
chr7,101916193,C,T,CUX1_Q37*
chr7,102104368,C,T,CUX1_R147*
chr12,111310557,T,C,CUX2_L592P
chr2,25240299,T,G,DNMT3A_?
chr2,25235705,A,G,DNMT3A_?
chr2,25235706,C,T,DNMT3A_?
chr2,25234368,C,T,DNMT3A_A884T
chr2,25234367,G,A,DNMT3A_A884V
chr2,25246619,C,T,DNMT3A_c.e10+1
chr2,25246777,C,G,DNMT3A_c.e10G1
chr2,25246778,T,C,DNMT3A_c.e10G1
chr2,25246065,C,T,DNMT3A_c.e12G1
chr2,25246066,T,G,DNMT3A_c.e12G1
chr2,25246159,C,T,DNMT3A_c.e12G1
chr2,25245252,C,T,DNMT3A_c.e13+1
chr2,25245333,C,G,DNMT3A_c.e13G1
chr2,25246018,A,C,DNMT3A_c.e13G1
chr2,25244538,A,C,DNMT3A_c.e14+1
chr2,25244539,C,A,DNMT3A_c.e14+1
chr2,25244539,C,G,DNMT3A_c.e14+1
chr2,25244653,C,G,DNMT3A_c.e14G1
chr2,25244654,T,C,DNMT3A_c.e14G1
chr2,25244153,A,G,DNMT3A_c.e15+1
chr2,25244154,C,T,DNMT3A_c.e15+1
chr2,25241560,A,C,DNMT3A_c.e17+1
chr2,25241561,C,T,DNMT3A_c.e17+1
chr2,25240732,T,C,DNMT3A_c.e18G1
chr2,25240302,C,T,DNMT3A_c.e19+1
chr2,25240451,C,T,DNMT3A_c.e19G1
chr2,25240639,C,T,DNMT3A_c.e19G1
chr2,25240640,C,T,DNMT3A_c.e19G1
chr2,25236935,C,T,DNMT3A_c.e21+1
chr2,25235826,C,T,DNMT3A_c.e22G1
chr2,25235827,T,C,DNMT3A_c.e22G1
chr2,25300140,G,A,DNMT3A_c.e3+1
chr2,25248035,A,C,DNMT3A_c.e7+1
chr2,25248036,C,T,DNMT3A_c.e7+1
chr2,25248036,C,A,DNMT3A_c.e7+1
chr2,25247050,C,T,DNMT3A_c.e9+1
chr2,25245317,C,T,DNMT3A_C497Y
chr2,25244596,G,T,DNMT3A_C537*
chr2,25240685,A,T,DNMT3A_C710S
chr2,25235721,G,T,DNMT3A_C861*
chr2,25241587,T,A,DNMT3A_D686V
chr2,25241588,C,A,DNMT3A_D686Y
chr2,25240709,C,T,DNMT3A_D702N
chr2,25240709,C,A,DNMT3A_D702Y
chr2,25240330,T,C,DNMT3A_D765G
chr2,25240320,G,T,DNMT3A_D768E
chr2,25235734,T,G,DNMT3A_D857A
chr2,25248171,C,A,DNMT3A_E241*
chr2,25247725,C,A,DNMT3A_E294*
chr2,25246172,C,A,DNMT3A_E473*
chr2,25246050,C,A,DNMT3A_E482*
chr2,25240304,C,A,DNMT3A_E774*
chr2,25240302,C,G,DNMT3A_E774D
chr2,25240302,C,T,DNMT3A_E774E
chr2,25240304,C,T,DNMT3A_E774K
chr2,25235716,T,C,DNMT3A_E863G
chr2,25246658,A,C,DNMT3A_F414C
chr2,25240431,G,T,DNMT3A_F731L
chr2,25240430,A,G,DNMT3A_F732L
chr2,25240429,A,G,DNMT3A_F732S
chr2,25240423,A,C,DNMT3A_F734C
chr2,25240422,G,C,DNMT3A_F734L
chr2,25240422,G,T,DNMT3A_F734L
chr2,25240371,G,C,DNMT3A_F751L
chr2,25240370,A,T,DNMT3A_F752I
chr2,25240368,G,C,DNMT3A_F752L
chr2,25240370,A,C,DNMT3A_F752V
chr2,25240361,A,T,DNMT3A_F755I
chr2,25240359,A,C,DNMT3A_F755L
chr2,25240360,A,G,DNMT3A_F755S
chr2,25240309,A,C,DNMT3A_F772C
chr2,25240310,A,C,DNMT3A_F772V
chr2,25247611,C,A,DNMT3A_G332*
chr2,25247610,C,T,DNMT3A_G332E
chr2,25245276,C,A,DNMT3A_G511*
chr2,25244579,C,G,DNMT3A_G543A
chr2,25244580,C,A,DNMT3A_G543C
chr2,25244580,C,T,DNMT3A_G543S
chr2,25244559,C,T,DNMT3A_G550R
chr2,25241590,C,G,DNMT3A_G685A
chr2,25241590,C,T,DNMT3A_G685E
chr2,25241591,C,T,DNMT3A_G685R
chr2,25240717,C,T,DNMT3A_G699D
chr2,25240718,C,T,DNMT3A_G699S
chr2,25239151,C,A,DNMT3A_G796V
chr2,25234412,C,A,DNMT3A_G869V
chr2,25234349,C,T,DNMT3A_G890D
chr2,25240699,A,G,DNMT3A_I705T
chr2,25240319,T,G,DNMT3A_I769L
chr2,25240317,G,C,DNMT3A_I769M
chr2,25240318,A,C,DNMT3A_I769S
chr2,25246214,T,A,DNMT3A_K459*
chr2,25246038,T,A,DNMT3A_K486*
chr2,25240328,T,A,DNMT3A_K766*
chr2,25240326,C,A,DNMT3A_K766N
chr2,25244568,G,A,DNMT3A_L547F
chr2,25244567,A,T,DNMT3A_L547H
chr2,25244567,A,C,DNMT3A_L547R
chr2,25241685,C,A,DNMT3A_L653F
chr2,25240415,G,A,DNMT3A_L737F
chr2,25240414,A,T,DNMT3A_L737H
chr2,25240414,A,G,DNMT3A_L737P
chr2,25240414,A,C,DNMT3A_L737R
chr2,25240363,A,T,DNMT3A_L754H
chr2,25240306,A,C,DNMT3A_L773R
chr2,25235728,A,C,DNMT3A_L859*
chr2,25234355,A,G,DNMT3A_L888P
chr2,25234353,G,C,DNMT3A_L889V
chr2,25234316,A,T,DNMT3A_L901H
chr2,25240343,T,C,DNMT3A_M761V
chr2,25235713,A,C,DNMT3A_M864R
chr2,25234378,C,A,DNMT3A_M880I
chr2,25234380,T,C,DNMT3A_M880V
chr2,25240663,T,A,DNMT3A_N717I
chr2,25247686,G,A,DNMT3A_P307S
chr2,25240714,G,C,DNMT3A_P700R
chr2,25240715,G,A,DNMT3A_P700S
chr2,25239142,G,T,DNMT3A_P799H
chr2,25237003,G,A,DNMT3A_P804L
chr2,25234307,G,A,DNMT3A_P904L
chr2,25248147,G,A,DNMT3A_Q249*
chr2,25247107,G,A,DNMT3A_Q356*
chr2,25247053,G,A,DNMT3A_Q374*
chr2,25246695,G,A,DNMT3A_Q402*
chr2,25244628,G,A,DNMT3A_Q527*
chr2,25244627,T,G,DNMT3A_Q527P
chr2,25244607,G,A,DNMT3A_Q534*
chr2,25244163,G,A,DNMT3A_Q615*
chr2,25241678,G,A,DNMT3A_Q656*
chr2,25240727,G,A,DNMT3A_Q696*
chr2,25234362,G,A,DNMT3A_Q886*
chr2,25247647,G,A,DNMT3A_R320*
chr2,25247629,G,A,DNMT3A_R326C
chr2,25247629,G,C,DNMT3A_R326G
chr2,25247628,C,T,DNMT3A_R326H
chr2,25247628,C,A,DNMT3A_R326L
chr2,25247629,G,T,DNMT3A_R326S
chr2,25247077,G,C,DNMT3A_R366G
chr2,25247076,C,T,DNMT3A_R366H
chr2,25244214,G,A,DNMT3A_R598*
chr2,25241668,C,T,DNMT3A_R659H
chr2,25241617,C,T,DNMT3A_R676Q
chr2,25240654,C,T,DNMT3A_R720H
chr2,25240439,G,C,DNMT3A_R729G
chr2,25240438,C,T,DNMT3A_R729Q
chr2,25240439,G,A,DNMT3A_R729W
chr2,25240418,G,A,DNMT3A_R736C
chr2,25240417,C,T,DNMT3A_R736H
chr2,25240417,C,G,DNMT3A_R736P
chr2,25240378,C,T,DNMT3A_R749H
chr2,25240313,G,A,DNMT3A_R771*
chr2,25240313,G,C,DNMT3A_R771G
chr2,25240312,C,T,DNMT3A_R771Q
chr2,25235707,C,A,DNMT3A_R866M
chr2,25234374,G,A,DNMT3A_R882C
chr2,25234373,C,T,DNMT3A_R882H
chr2,25234373,C,G,DNMT3A_R882P
chr2,25234363,C,A,DNMT3A_R885S
chr2,25234359,T,A,DNMT3A_R887*
chr2,25240672,G,C,DNMT3A_S714C
chr2,25240315,G,T,DNMT3A_S770*
chr2,25240315,G,A,DNMT3A_S770L
chr2,25240316,A,G,DNMT3A_S770P
chr2,25240315,G,C,DNMT3A_S770W
chr2,25234376,C,A,DNMT3A_S881I
chr2,25235719,G,A,DNMT3A_T862I
chr2,25247623,C,A,DNMT3A_V328F
chr2,25241675,C,T,DNMT3A_V657M
chr2,25240702,A,C,DNMT3A_V704G
chr2,25240336,A,C,DNMT3A_V763G
chr2,25247714,C,T,DNMT3A_W297*
chr2,25247690,C,T,DNMT3A_W305*
chr2,25247691,C,T,DNMT3A_W305*
chr2,25247687,C,T,DNMT3A_W306*
chr2,25247663,C,T,DNMT3A_W314*
chr2,25247624,C,T,DNMT3A_W327*
chr2,25247625,C,T,DNMT3A_W327*
chr2,25247615,C,T,DNMT3A_W330*
chr2,25247616,C,T,DNMT3A_W330*
chr2,25246672,C,T,DNMT3A_W409*
chr2,25244263,C,T,DNMT3A_W581*
chr2,25244265,A,C,DNMT3A_W581G
chr2,25244204,C,T,DNMT3A_W601*
chr2,25240366,C,T,DNMT3A_W753*
chr2,25239153,C,T,DNMT3A_W795*
chr2,25235724,C,T,DNMT3A_W860*
chr2,25235726,A,G,DNMT3A_W860R
chr2,25244623,G,C,DNMT3A_Y528*
chr2,25244599,G,T,DNMT3A_Y536*
chr2,25241665,T,C,DNMT3A_Y660C
chr2,25240419,G,C,DNMT3A_Y735*
chr2,25240420,T,C,DNMT3A_Y735C
chr2,25240420,T,G,DNMT3A_Y735S
chr7,148809369,C,T,EZH2_R679H
chr13,28034144,A,G,FLT3_V592A
chr20,58909362,T,C,GNAS_C843R
chr20,58909372,T,C,GNAS_L846P
chr20,58909365,C,T,GNAS_R844C
chr20,58909365,C,G,GNAS_R844G
chr20,58909366,G,A,GNAS_R844H
chr20,58909365,C,A,GNAS_R844S
chr1,1815790,T,C,GNB1_K57E
chr1,1815789,T,A,GNB1_K57M
chr1,1815788,C,A,GNB1_K57N
chr17,7314370,G,G,GPS2_Q80*
chr14,31107205,A,G,HECTD1_S2223P
chr6,26056104,T,A,HIST1H1C_K109*
chr15,90088702,C,T,IDH2_R140Q
chr7,50400498,C,A,IKZF1_Y477*
chr9,5073770,G,T,JAK2_V617F
chr19,17838299,C,T,JAK3_M511I
chr8,132180251,C,T,KCNQ3_S228N
chrX,45020680,C,T,KDM6A_R172*
chr4,54728031,C,T,KIT_R634W
chr3,183555362,T,A,KLHL6_R98W
chr12,25225627,G,A,KRAS_A146V
chr12,25245351,C,A,KRAS_G12C
chr12,25245347,C,T,KRAS_G13D
chr12,25225713,T,G,KRAS_K117N
chr7,139402152,C,T,LUC7L2_Q91*
chr7,139412555,C,T,LUC7L2_R262*
chr5,56856708,G,G,MAP3K1_W197*
chr12,49040518,G,A,MLL2_Q2418*
chr1,43349338,G,T,MPL_W515L
chr3,38141150,T,C,MYD88_L273P
chr2,177233281,G,A,NFE2L2_A124V
chr9,136505548,C,A,NOTCH1_E1450*
chr1,119925354,C,A,NOTCH2_E1488*
chr1,120069377,C,T,NOTCH2_W10*
chr1,114713906,C,A,NRAS_E62*
chr1,114716123,C,T,NRAS_G13D
chr1,114716124,C,G,NRAS_G13R
chr1,114713911,C,T,NRAS_G60E
chr1,114713907,T,G,NRAS_Q61H
chr1,114713909,G,T,NRAS_Q61K
chr1,114713908,T,A,NRAS_Q61L
chr1,114713908,T,C,NRAS_Q61R
chrX,134417250,G,T,PHF6_G306*
chr3,179198940,G,T,PIK3CA_E39*
chr3,179198938,G,A,PIK3CA_R38H
chr5,68293340,C,C,PIK3R1_R386*
chr12,49634067,C,T,PRPF40B_Q241*
chr12,112450386,A,C,PTPN11_E69A
chr12,112450385,G,C,PTPN11_E69Q
chr12,112450375,G,T,PTPN11_L65L
chr12,112450397,A,G,PTPN11_T73A
chr12,112450368,A,G,PTPN11_Y63C
chr8,116850764,G,A,RAD21_Q492*
chr8,116863210,C,T,RAD21_R65Q
chr8,116863237,G,C,RAD21_S56*
chr7,151490962,G,A,RHEB_Y35Y
chr19,1440428,C,G,RPS15_A135G
chr3,47116735,G,A,SETD2_R1492*
chr11,64769339,C,G,SF1_c.e7G1
chr2,197401765,C,T,SF3B1_E783K
chr2,197401887,C,T,SF3B1_G742D
chr2,197402647,G,T,SF3B1_H662Q
chr2,197402637,T,C,SF3B1_K666E
chr2,197402635,C,A,SF3B1_K666N
chr2,197402635,C,G,SF3B1_K666N
chr2,197402637,T,G,SF3B1_K666Q
chr2,197402636,T,C,SF3B1_K666R
chr2,197402110,T,C,SF3B1_K700E
chr2,197408078,G,A,SF3B1_R387W
chr17,76736877,G,T,SFRS2_P95H
chr17,76736877,G,A,SFRS2_P95L
chr17,76736877,G,C,SFRS2_P95R
chr17,76736878,G,T,SFRS2_P95T
chr17,76737031,A,G,SFRS2_Y44H
chr18,51078305,C,T,SMAD4_C499C
chrX,53382522,C,T,SMC1A_R1090H
chr10,110583949,C,T,SMC3_R360*
chr17,76736877,G,T,SRSF2_P95H
chr17,76736877,G,A,SRSF2_P95L
chr3,136359173,G,A,STAG1_R971*
chrX,124066211,T,A,STAG2_C711*
chr17,42322402,C,A,STAT3_D661Y
chr17,42323040,C,G,STAT3_G618R
chr3,177033096,G,A,TBL1XR1_R431*
chr10,68682888,G,A,TET1_R1656H
chr4,105237352,G,A,TET2_c.e3+1
chr4,105237346,G,A,TET2_C1135Y
chr4,105235537,T,A,TET2_L532*
chr4,105237030,C,T,TET2_Q1030*
chr4,105237003,C,T,TET2_Q1042*
chr4,105234963,C,T,TET2_Q341*
chr4,105235089,C,T,TET2_Q383*
chr4,105235383,C,T,TET2_Q481*
chr4,105235530,C,T,TET2_Q530*
chr4,105235584,C,T,TET2_Q548*
chr4,105235584,C,A,TET2_Q548K
chr4,105236055,C,T,TET2_Q705*
chr4,105236142,C,T,TET2_Q734*
chr4,105236232,C,T,TET2_Q764*
chr4,105236250,C,T,TET2_Q770*
chr4,105236214,C,T,TET2_Q779*
chr4,105236538,C,T,TET2_Q866*
chr4,105236598,C,T,TET2_Q886*
chr4,105236667,C,T,TET2_Q909*
chr4,105236670,C,T,TET2_Q910*
chr4,105236688,C,T,TET2_Q916*
chr4,105236688,C,T,TET2_Q937*
chr4,105235572,C,T,TET2_R544*
chr4,105235590,C,T,TET2_R550*
chr4,105235147,C,G,TET2_S423*
chr4,105235468,C,G,TET2_S530*
chr4,105235705,C,G,TET2_S588*
chr4,105236149,C,A,TET2_S757*
chr4,105235633,G,A,TET2_W585*
chr6,137877159,G,T,TNFAIP3_E297*
chr6,137874877,C,T,TNFAIP3_Q110*
chr6,137875748,C,T,TNFAIP3_R183*
chr1,2558342,G,C,TNFRSF14_c.e3G1
chr17,7673779,C,T,TP53_D281N
chr17,7676032,A,C,TP53_F113V
chr17,7674230,C,A,TP53_G245C
chr17,7674953,T,C,TP53_H193R
chr17,7675218,T,C,TP53_K132E
chr17,7676028,A,T,TP53_L114*
chr17,7674252,C,T,TP53_M237I
chr17,7674253,A,T,TP53_M237K
chr17,7674260,T,C,TP53_N235D
chr17,7675157,G,A,TP53_P152L
chr17,7675082,G,C,TP53_P177R
chr17,7676041,G,A,TP53_R110C
chr17,7676040,C,A,TP53_R110L
chr17,7675145,C,T,TP53_R156H
chr17,7675139,C,T,TP53_R158H
chr17,7675088,C,T,TP53_R175H
chr17,7675071,G,A,TP53_R181C
chr17,7674894,G,A,TP53_R213*
chr17,7674220,C,T,TP53_R248Q
chr17,7673782,T,C,TP53_R280G
chr17,7673776,G,A,TP53_R282W
chr17,7673772,C,T,TP53_R283H
chr17,7670685,G,A,TP53_R342*
chr17,7674241,G,C,TP53_S241C
chr17,7675094,A,T,TP53_V173E
chr17,7674885,C,T,TP53_V216M
chr17,7675174,C,T,TP53_W146*
chr17,7675175,C,T,TP53_W146*
chr17,7674872,T,C,TP53_Y220C
chr17,7674873,A,G,TP53_Y220H
chr21,43107454,T,C,U2AF1_D14G
chr21,43094670,C,T,U2AF1_R156H
chr21,43104346,G,A,U2AF1_S34F
chr3,10149930,C,T,VHL_Q203*
chrX,15804175,G,C,ZRSR2_R126P
chrX,15820262,C,T,ZRSR2_R295*
chr13,28018505,C,A,FLT3_D835Y
chr2,208248389,G,A,IDH1_R132C
chr2,208248388,C,T,IDH1_R132H
chr15,90088606,C,T,IDH2_R172K
chr4,54733155,A,T,KIT_D816V
chr12,25245350,C,G,KRAS_G12A
chr12,25245350,C,T,KRAS_G12D
chr12,25245350,C,A,KRAS_G12V
chr12,25227341,T,G,KRAS_Q61H
chr12,25227342,T,G,KRAS_Q61P
chr1,114716126,C,T,NRAS_G12D
chr1,114716124,C,A,NRAS_G13C
chr2,197402760,G,A,SF3B1_R625C
chr21,43094667,T,G,U2AF1_Q157P
chr21,43094667,T,C,U2AF1_Q157R